<?xml version="1.0" encoding="UTF-8"?>
<odoo>
    <record id="rental_website_rule_property_public" model="ir.rule">
        <field name="name">Website Published Properties - Public Read</field>
        <field name="model_id" ref="rental_management.model_property_details"/>
        <field name="groups" eval="[(4, ref('base.group_public'))]"/>
        <field name="domain_force">[("is_published_website", "=", True)]</field>
        <field name="perm_read" eval="True"/>
        <field name="perm_write" eval="False"/>
        <field name="perm_create" eval="False"/>
        <field name="perm_unlink" eval="False"/>
    </record>
</odoo>
