<?xml version="1.0" encoding="utf-8" ?>
<odoo>
    <data noupdate="1">
        <record id="rent_recurring_invoice" model="ir.cron">
            <field name="name">Rental Management: Rent Recurring Invoice</field>
            <field name="model_id" ref="rental_management.model_tenancy_details"/>
            <field name="state" eval="'code'"/>
            <field name="code" eval="'model.tenancy_recurring_invoice()'"/>
            <field name="interval_number">1</field>
            <field name="interval_type">days</field>
            <field name="numbercall">1</field>
            <field name="active" eval="True"/>
            <field name="doall" eval="True"/>
        </record>
        <record id="rent_recurring_invoice_quarterly" model="ir.cron">
            <field name="name">Rental Management: Rent Recurring Invoice Quarterly</field>
            <field name="model_id" ref="rental_management.model_tenancy_details"/>
            <field name="state" eval="'code'"/>
            <field name="code" eval="'model.tenancy_recurring_quarterly_invoice()'"/>
            <field name="interval_number">1</field>
            <field name="interval_type">days</field>
            <field name="numbercall">1</field>
            <field name="active" eval="True"/>
            <field name="doall" eval="True"/>
        </record>
        <record id="rent_recurring_invoice_yearly" model="ir.cron">
            <field name="name">Rental Management: Rent Recurring Invoice Yearly</field>
            <field name="model_id" ref="rental_management.model_tenancy_details"/>
            <field name="state" eval="'code'"/>
            <field name="code" eval="'model.tenancy_yearly_invoice()'"/>
            <field name="interval_number">1</field>
            <field name="interval_type">days</field>
            <field name="numbercall">1</field>
            <field name="active" eval="True"/>
            <field name="doall" eval="True"/>
        </record>
        <record id="expiring_invoice" model="ir.cron">
            <field name="name">Rental Management: Expiring Invoice</field>
            <field name="model_id" ref="rental_management.model_tenancy_details"/>
            <field name="state" eval="'code'"/>
            <field name="code" eval="'model.tenancy_expire()'"/>
            <field name="interval_number">1</field>
            <field name="interval_type">days</field>
            <field name="numbercall">1</field>
            <field name="active" eval="True"/>
            <field name="doall" eval="True"/>
        </record>
        <record id="sale_recurring_invoice" model="ir.cron">
            <field name="name">Rental Management: Sale Recurring Invoice</field>
            <field name="model_id" ref="rental_management.model_property_vendor"/>
            <field name="state" eval="'code'"/>
            <field name="code" eval="'model.sale_recurring_invoice()'"/>
            <field name="interval_number">1</field>
            <field name="interval_type">days</field>
            <field name="numbercall">1</field>
            <field name="active" eval="True"/>
            <field name="doall" eval="True"/>
        </record>
        <record id="tenancy_manual_recurring_invoice" model="ir.cron">
            <field name="name">Rental Management: Manual Recurring Invoice</field>
            <field name="model_id" ref="rental_management.model_tenancy_details"/>
            <field name="state" eval="'code'"/>
            <field name="code" eval="'model.tenancy_manual_invoice()'"/>
            <field name="interval_number">1</field>
            <field name="interval_type">days</field>
            <field name="numbercall">1</field>
            <field name="active" eval="True"/>
            <field name="doall" eval="True"/>
        </record>
        <record id="parent_property_address_update" model="ir.cron">
            <field name="name">Rental Management: Parent Property Address</field>
            <field name="model_id" ref="rental_management.model_property_details"/>
            <field name="state" eval="'code'"/>
            <field name="code" eval="'model.update_property_address()'"/>
            <field name="interval_number">1</field>
            <field name="interval_type">days</field>
            <field name="numbercall">1</field>
            <field name="active" eval="False"/>
            <field name="doall" eval="True"/>
        </record>
        <record id="property_measurement_update" model="ir.cron">
            <field name="name">Rental Management: Property Measurement Update</field>
            <field name="model_id" ref="rental_management.model_property_details"/>
            <field name="state" eval="'code'"/>
            <field name="code" eval="'model.update_property_measurement()'"/>
            <field name="interval_number">1</field>
            <field name="interval_type">days</field>
            <field name="numbercall">1</field>
            <field name="active" eval="True"/>
            <field name="doall" eval="True"/>
        </record>
    </data>
</odoo>
