<?xml version="1.0" encoding="utf-8"?>
<odoo>
    <data>
        <record id="property_book_mail_template" model="mail.template">
            <field name="name">Property Book Mail Template</field>
            <field name="model_id" ref="rental_management.model_property_vendor"/>
            <field name="subject">Property Booking is Successful</field>
            <field name="email_from">{{object.company_id.email}}</field>
            <field name="partner_to">{{ object.customer_id.id }}</field>
            <field name="body_html" type="html">
                <table style="width:100%">
                    <tr>
                        <td>
                            Dear Buyer
                            <br/>
                            <h4>
                                <strong>
                                    <t t-out="object.customer_id.name"/>
                                </strong>
                            </h4>
                        </td>
                    </tr>
                </table>
                <hr/>
                <p>
                    We are pleased to inform you that your booking for the property
                    <strong>
                        <t t-out="object.property_id.name"/>
                    </strong>
                    has been successful.
                </p>
                <br/>
                <ul>
                    <li>
                        <h5>
                            Here is your booking Details
                        </h5>
                        <ul>
                            <li>
                                Property Name :
                                <strong>
                                    <span t-field="object.property_id.name"/>
                                </strong>
                            </li>
                            <li>
                                Booking Amount :
                                <strong>
                                    <span t-field="object.book_price"/>
                                </strong>
                            </li>
                            <li>
                                Booking Ref. :
                                <strong>
                                    <span t-field="object.sold_seq"/>
                                </strong>
                            </li>
                        </ul>
                    </li>
                </ul>
                <br/>
                <p>
                    We will now proceed with the necessary documentation and procedures to complete the transaction. Our
                    team will contact you shortly to provide further instructions. If you have any questions or
                    concerns, please do not hesitate to contact us.
                    <br/>
                    <strong>
                        Thank you for your interest in the property, and we look forward to working with you.
                    </strong>
                </p>
                <br/>
                <br/>
                <h6>
                    Best regards
                </h6>
                <h5>
                    <strong>
                        <t t-out="object.company_id.name"/>
                    </strong>
                </h5>
                <hr/>
                <span>
                    <h6>
                        <t t-out="object.company_id.name"/>
                    </h6>
                    <t t-out="object.company_id.phone"/>
                    <br/>
                    <t t-out="object.company_id.email"/>
                    <br/>
                    <t t-out="object.company_id.website"/>
                </span>
            </field>
            <field name="auto_delete" eval="False"/>
        </record>
    </data>
</odoo>