<?xml version="1.0" encoding="utf-8"?>
<odoo>
    <data>
        <record id="tenancy_reminder_mail_template" model="mail.template">
            <field name="name">Rent Reminder Mail Template</field>
            <field name="model_id" ref="rental_management.model_tenancy_details" />
            <field name="subject">Rent Payment Reminder</field>
            <field name="email_from">{{object.property_landlord_id.email}}</field>
            <field name="partner_to">{{ object.tenancy_id.id }}</field>
            <field name="body_html" type="html">
                <table style="width:100%">
                    <tr>
                        <td> Dear Tenant <br />
                            <h4>
                                <strong>
                                    <t t-out="object.tenancy_id.name" />
                                </strong>
                            </h4>
                        </td>
                    </tr>
                </table>
                <hr />
                <p> This is reminder that your <strong>Rent Payment</strong> for property <strong>
                        <t t-out="object.property_id.name" />
                    </strong> As per
                    the terms of rent agreement, rent is payable on the Monthly basis. </p>
                <br />
                <br />
                <h5 style="text-align:center;">
                    Due Rent Information
                </h5>
                <table class="table">
                    <thead class="thead-light">
                        <tr>
                            <th scope="col">Contract Ref.</th>
                            <th scope="col">Type</th>
                            <th scope="col">Description</th>
                            <th scope="col">Due Date</th>
                            <th scope="col">Amount</th>
                            <th scope="col">Invoice Ref.</th>
                        </tr>
                    </thead>
                    <tbody>
                        <t t-foreach="object.rent_invoice_ids" t-as="r">
                            <t t-if="r.payment_state=='not_paid'">
                                <t t-if="r.type=='rent'">
                                    <tr>
                                        <td>
                                            <span t-field="r.tenancy_id" />
                                        </td>
                                        <td>
                                            <span t-field="r.type" />
                                        </td>
                                        <td>
                                            <span t-field="r.description" />
                                        </td>
                                        <td>
                                            <span t-field="r.invoice_date" />
                                        </td>
                                        <td>
                                            <span t-field="r.amount" />
                                        </td>
                                        <td>
                                            <span t-field="r.rent_invoice_id" />
                                        </td>
                                    </tr>
                                </t>
                            </t>
                        </t>
                    </tbody>
                </table>
                <br />
                <br />
                <h5 style="text-align:center;">
                    Other payments due for the rent contract
                </h5>
                <table class="table">
                    <thead class="thead-light">
                        <tr>
                            <th scope="col">Contract Ref.</th>
                            <th scope="col">Type</th>
                            <th scope="col">Description</th>
                            <th scope="col">Due Date</th>
                            <th scope="col">Amount</th>
                            <th scope="col">Invoice Ref.</th>
                        </tr>
                    </thead>
                    <tbody>
                        <t t-foreach="object.rent_invoice_ids" t-as="r">
                            <t t-if="r.payment_state=='not_paid'">
                                <t t-if="r.type!='rent'">
                                    <tr>
                                        <td>
                                            <span t-field="r.tenancy_id" />
                                        </td>
                                        <td>
                                            <span t-field="r.type" />
                                        </td>
                                        <td>
                                            <span t-field="r.description" />
                                        </td>
                                        <td>
                                            <span t-field="r.invoice_date" />
                                        </td>
                                        <td>
                                            <span t-field="r.amount" />
                                        </td>
                                        <td>
                                            <span t-field="r.rent_invoice_id" />
                                        </td>
                                    </tr>
                                </t>
                            </t>
                        </t>
                    </tbody>
                </table>
                <br />
                <h6>
                    Best regards
                </h6>
                <h5>
                    <strong>
                        <t t-out="object.property_landlord_id.name" />
                    </strong>
                </h5>
                <hr />
                <span>
                    <h6>
                        <t t-out="object.company_id.name" />
                    </h6>
                    <t t-out="object.company_id.phone" />
                    <br />
                    <t t-out="object.company_id.email" />
                    <br />
                    <t t-out="object.company_id.website" />
                </span>
            </field>
            <field name="report_template_ids"
                eval="[(4, ref('rental_management.tenancy_details_report_id'))]" />
            <field name="auto_delete" eval="False" />
        </record>
    </data>
</odoo>