<?xml version="1.0" encoding="utf-8"?>
<odoo>
    <data noupdate="1">
        <record id="tenancy_product_update_cron" model="ir.cron">
            <field name="name">Rental Management: Property Maintenance Product Update</field>
            <field name="model_id" ref="rental_management.model_tenancy_details"/>
            <field name="state" eval="'code'"/>
            <field name="code" eval="'model.get_default_product()'"/>
            <field name="interval_number">1</field>
            <field name="interval_type">minutes</field>
            <field name="numbercall">1</field>
            <field name="active" eval="True"/>
            <field name="doall" eval="True"/>
        </record>
    </data>
</odoo>