id,name,model_id:id,group_id:id,perm_read,perm_write,perm_create,perm_unlink
access_sale_order_deals_user,access.sale.order.deals.user,sale.model_sale_order,base.group_user,1,1,1,1
access_sale_order_deals_manager,access.sale.order.deals.manager,sale.model_sale_order,sales_team.group_sale_manager,1,1,1,1
access_commission_line_user,access.commission.line.user,commission_ax.model_commission_line,base.group_user,1,1,1,0
access_commission_line_manager,access.commission.line.manager,commission_ax.model_commission_line,sales_team.group_sale_manager,1,1,1,1
